<?xml version="1.0" encoding="UTF-8" standalone="no"?>
<!--
	This XML file was automatically generated by UiBuilder - do not modify by hand.
-->
<string_table Bversion="2.0.6.v20120503" Dversion="20100701">
    <text id="IDS_sCalc">This simple "Calculator" application allows you to save your private contacts in secret.</text>
    <text id="IDS_CANCEL">Cancel</text>
    <text id="IDS_EMPTYLIST">Empty list</text>
    <text id="IDS_UCONVERTOR">Universal Converter - a versatile program for converting currencies, the size of the adult and children's clothing and shoes, and measures of physical quantities.</text>
    <text id="IDS_TITLE">TextArt</text>
    <text id="IDS_ADDTOFAVOURITES">Add to favourites</text>
    <text id="IDS_SENDSMS">Send SMS</text>
    <text id="IDS_SENDEMAIL">Send E-mail</text>
    <text id="IDS_FAVOURITES">Favourites</text>
    <text id="IDS_BACK">Back</text>
    <text id="IDS_SPACESHUFFLE">A unique adventure in outer space! Collect all the crystals to save our planet from energy collapse.</text>
    <text id="IDS_COPY">Copy to clipboard</text>
    <text id="IDS_EMPTY">Empty catalog</text>
    <text id="IDS_RECENT">Recent</text>
    <text id="IDS_REMOVEFROMFAVOURITES">Remove from favourites</text>
    <text id="IDS_INFO">Our App</text>
    <text id="IDS_CATALOG">Catalog</text>
    <text id="IDS_TOOLONG">Text too long. Please use "Copy to clipboard"</text>
</string_table>
