<?xml version="1.0" encoding="UTF-8" standalone="no"?>
<!--
	This XML file was automatically generated by UiBuilder - do not modify by hand.
-->
<string_table Bversion="2.0.6.v20120503" Dversion="20100701">
    <text id="IDS_sCalc">Этот простой "Калькулятор" позволяет сохранить личные контакты в тайне.</text>
    <text id="IDS_CANCEL">Отмена</text>
    <text id="IDS_EMPTYLIST">Список пустой</text>
    <text id="IDS_UCONVERTOR">Universal Converter - универсальная программа для конвертации курсов валют, размеров взрослой и детской одежды и обуви, физических величин и мер.</text>
    <text id="IDS_TITLE">Текстовые картинки</text>
    <text id="IDS_ADDTOFAVOURITES">Добавить в закладки</text>
    <text id="IDS_SENDSMS">Отправить SMS</text>
    <text id="IDS_SENDEMAIL">Отправить E-mail</text>
    <text id="IDS_FAVOURITES">Избранное</text>
    <text id="IDS_BACK">Назад</text>
    <text id="IDS_SPACESHUFFLE">Уникальное приключение в открытом космосе! Соберите все кристаллы, чтобы спасти нашу планету от энергетического коллапса.</text>
    <text id="IDS_COPY">Копировать в буфер</text>
    <text id="IDS_EMPTY">Каталог пустой</text>
    <text id="IDS_RECENT">Последние</text>
    <text id="IDS_REMOVEFROMFAVOURITES">Удалить из закладок</text>
    <text id="IDS_INFO">Наши приложения</text>
    <text id="IDS_CATALOG">Каталог</text>
    <text id="IDS_TOOLONG">Текст слишком длинный. Пожалуйста, используйте функцию "Копировать в буфер"</text>
</string_table>
