<?xml version="1.0" encoding="UTF-8" standalone="no"?>
<alarms>
    <type>illegal privileged api</type>
    <appname>TextArt</appname>
    <alarm>
        <apiname>Osp::App::AppResource::GetBitmapN</apiname>
        <location>
            <filename>ItemListForm.cpp</filename>
            <line>377</line>
        </location>
    </alarm>
    <alarm>
        <apiname>Osp::App::AppResource::GetBitmapN</apiname>
        <location>
            <filename>ItemListForm.cpp</filename>
            <line>378</line>
        </location>
    </alarm>
    <alarm>
        <apiname>Osp::App::AppResource::GetBitmapN</apiname>
        <location>
            <filename>ItemListForm.cpp</filename>
            <line>364</line>
        </location>
    </alarm>
    <alarm>
        <apiname>Osp::App::AppResource::GetBitmapN</apiname>
        <location>
            <filename>InfoForm.cpp</filename>
            <line>82</line>
        </location>
    </alarm>
    <alarm>
        <apiname>Osp::App::AppResource::GetBitmapN</apiname>
        <location>
            <filename>ItemListForm.cpp</filename>
            <line>365</line>
        </location>
    </alarm>
    <alarm>
        <apiname>Osp::App::AppResource::GetBitmapN</apiname>
        <location>
            <filename>InfoForm.cpp</filename>
            <line>93</line>
        </location>
    </alarm>
    <alarm>
        <apiname>Osp::App::AppResource::GetBitmapN</apiname>
        <location>
            <filename>InfoForm.cpp</filename>
            <line>86</line>
        </location>
    </alarm>
    <alarm>
        <apiname>Osp::App::AppResource::GetBitmapN</apiname>
        <location>
            <filename>CategoryItemForm.cpp</filename>
            <line>42</line>
        </location>
    </alarm>
    <alarm>
        <apiname>Osp::App::AppResource::GetBitmapN</apiname>
        <location>
            <filename>ItemListForm.cpp</filename>
            <line>357</line>
        </location>
    </alarm>
    <alarm>
        <apiname>Osp::App::AppResource::GetBitmapN</apiname>
        <location>
            <filename>ItemListForm.cpp</filename>
            <line>358</line>
        </location>
    </alarm>
    <alarm>
        <apiname>Osp::App::AppResource::GetBitmapN</apiname>
        <location>
            <filename>CategoryItemForm.cpp</filename>
            <line>43</line>
        </location>
    </alarm>
    <alarm>
        <apiname>Osp::App::AppResource::GetBitmapN</apiname>
        <location>
            <filename>ItemListForm.cpp</filename>
            <line>332</line>
        </location>
    </alarm>
    <alarm>
        <apiname>Osp::App::AppResource::GetBitmapN</apiname>
        <location>
            <filename>ItemListForm.cpp</filename>
            <line>345</line>
        </location>
    </alarm>
    <alarm>
        <apiname>Osp::App::AppResource::GetBitmapN</apiname>
        <location>
            <filename>ItemListForm.cpp</filename>
            <line>331</line>
        </location>
    </alarm>
    <alarm>
        <apiname>Osp::App::AppResource::GetBitmapN</apiname>
        <location>
            <filename>ItemListForm.cpp</filename>
            <line>344</line>
        </location>
    </alarm>
    <alarm>
        <apiname>Osp::App::AppResource::GetBitmapN</apiname>
        <location>
            <filename>ItemListForm.cpp</filename>
            <line>318</line>
        </location>
    </alarm>
    <alarm>
        <apiname>Osp::App::AppResource::GetBitmapN</apiname>
        <location>
            <filename>ItemListForm.cpp</filename>
            <line>317</line>
        </location>
    </alarm>
</alarms>
