<?xml version="1.0" encoding="UTF-8"?>
<external-calls>
  <appname>TextArt</appname>
    <ext-function>Osp::App::AppResource::GetBitmapN</ext-function>
    <ext-function>Osp::Ui::Controls::Tab::AddItem</ext-function>
    <ext-function>Osp::Io::Database::CreateStatementN</ext-function>
    <ext-function>Osp::Ui::Controls::CustomList::AddItem</ext-function>
    <ext-function>Osp::Base::BufferBase::SetLimit</ext-function>
    <ext-function>Osp::Ui::Controls::CustomList::SetBackgroundColor</ext-function>
    <ext-function>Osp::Io::DbStatement::~DbStatement</ext-function>
    <ext-function>Osp::Ui::Controls::Button::Construct</ext-function>
    <ext-function>Osp::Base::BufferBase::GetLimit</ext-function>
    <ext-function>Osp::Ui::Controls::Popup::Construct</ext-function>
    <ext-function>Osp::Base::String::Append</ext-function>
    <ext-function>Osp::Graphics::EnrichedText::SetTextWrapStyle</ext-function>
    <ext-function>Osp::Io::Database::BeginTransaction</ext-function>
    <ext-function>Osp::Io::Database::CreateStatementN</ext-function>
    <ext-function>Osp::App::AppManager::GetInstance</ext-function>
    <ext-function>Osp::Base::Collection::ArrayList::Construct</ext-function>
    <ext-function>Osp::Io::Database::ExecuteStatementN</ext-function>
    <ext-function>Osp::Base::String::String</ext-function>
    <ext-function>Osp::Base::String::String</ext-function>
    <ext-function>Osp::Base::String::String</ext-function>
    <ext-function>Osp::Base::String::String</ext-function>
    <ext-function>Osp::Io::DbStatement::~DbStatement</ext-function>
    <ext-function>Osp::Base::String::GetLength</ext-function>
    <ext-function>Osp::Ui::Controls::CustomList::AddCustomItemEventListener</ext-function>
    <ext-function>Osp::Ui::Controls::Button::SetNormalBackgroundBitmap</ext-function>
    <ext-function>Osp::Ui::Control::SetName</ext-function>
    <ext-function>Osp::Ui::Controls::CustomListItemFormat::CustomListItemFormat</ext-function>
    <ext-function>Osp::Base::String::String</ext-function>
    <ext-function>Osp::Ui::Controls::Label::Construct</ext-function>
    <ext-function>Osp::Base::String::String</ext-function>
    <ext-function>Osp::Io::File::GetAttributes</ext-function>
    <ext-function>Osp::Ui::Controls::Form::SetTitleText</ext-function>
    <ext-function>Osp::Base::String::Replace</ext-function>
    <ext-function>Osp::Base::Collection::ArrayList::Construct</ext-function>
    <ext-function>Osp::Base::String::String</ext-function>
    <ext-function>Osp::Base::String::String</ext-function>
    <ext-function>Osp::Io::File::Construct</ext-function>
    <ext-function>Osp::Io::Directory::Directory</ext-function>
    <ext-function>Osp::Ui::Controls::CustomListItemFormat::AddElement</ext-function>
    <ext-function>Osp::Ui::Controls::Form::Construct</ext-function>
    <ext-function>Osp::Ui::Controls::Button::SetActionId</ext-function>
    <ext-function>Osp::Base::String::Append</ext-function>
    <ext-function>Osp::Ui::Controls::CustomListItemFormat::Construct</ext-function>
    <ext-function>Osp::Io::Database::CommitTransaction</ext-function>
    <ext-function>Osp::Ui::Controls::Tab::AddItem</ext-function>
    <ext-function>Osp::Ui::Control::GetWidth</ext-function>
    <ext-function>Osp::Graphics::TextElement::SetTextColor</ext-function>
    <ext-function>Osp::Graphics::Font::~Font</ext-function>
    <ext-function>Osp::Base::String::String</ext-function>
    <ext-function>Osp::App::AppResource::GetBitmapN</ext-function>
    <ext-function>Osp::Ui::Controls::Button::Button</ext-function>
    <ext-function>Osp::Base::BufferBase::GetLimit</ext-function>
    <ext-function>Osp::Base::ByteBuffer::~ByteBuffer</ext-function>
    <ext-function>Osp::Base::Utility::StringUtil::StringToUtf8N</ext-function>
    <ext-function>Osp::Net::Http::HttpHeader::AddField</ext-function>
    <ext-function>Osp::Base::Collection::ArrayList::Construct</ext-function>
    <ext-function>Osp::Base::ByteBuffer::Construct</ext-function>
    <ext-function>Osp::Io::Database::Construct</ext-function>
    <ext-function>Osp::Graphics::TextElement::Construct</ext-function>
    <ext-function>Osp::Base::String::String</ext-function>
    <ext-function>Osp::Ui::Controls::CustomList::CustomList</ext-function>
    <ext-function>Osp::Base::String::String</ext-function>
    <ext-function>Osp::Io::Directory::ReadN</ext-function>
    <ext-function>Osp::Base::String::String</ext-function>
    <ext-function>Osp::Net::Http::HttpSession::OpenTransactionN</ext-function>
    <ext-function>Osp::Base::BufferBase::GetCapacity</ext-function>
    <ext-function>Osp::Io::Database::ExecuteStatementN</ext-function>
    <ext-function>Osp::Base::String::String</ext-function>
    <ext-function>Osp::Net::Wifi::WifiManager::WifiManager</ext-function>
    <ext-function>Osp::Ui::Controls::CustomListItem::SetElement</ext-function>
    <ext-function>Osp::Io::File::Read</ext-function>
    <ext-function>Osp::Ui::Controls::CustomList::RemoveAllItems</ext-function>
    <ext-function>Osp::Base::ByteBuffer::GetPointer</ext-function>
    <ext-function>Osp::Ui::Controls::CustomList::Construct</ext-function>
    <ext-function>Osp::Base::String::String</ext-function>
    <ext-function>Osp::Base::String::String</ext-function>
    <ext-function>Osp::App::AppResource::GetBitmapN</ext-function>
    <ext-function>Osp::Io::DbStatement::~DbStatement</ext-function>
    <ext-function>Osp::Ui::Controls::Button::SetActionId</ext-function>
    <ext-function>Osp::Ui::Controls::Button::Button</ext-function>
    <ext-function>Osp::Base::Collection::ArrayList::Construct</ext-function>
    <ext-function>Osp::Base::String::String</ext-function>
    <ext-function>Osp::Io::DbStatement::~DbStatement</ext-function>
    <ext-function>Osp::Graphics::Font::~Font</ext-function>
    <ext-function>Osp::Graphics::Color::Color</ext-function>
    <ext-function>Osp::Base::String::String</ext-function>
    <ext-function>Osp::Base::String::String</ext-function>
    <ext-function>Osp::Base::String::SetCharAt</ext-function>
    <ext-function>Osp::Io::Database::ExecuteSql</ext-function>
    <ext-function>Osp::Ui::Controls::Form::SetFormBackEventListener</ext-function>
    <ext-function>Osp::Ui::Control::Draw</ext-function>
    <ext-function>Osp::Io::DbEnumerator::GetStringAt</ext-function>
    <ext-function>Osp::Base::String::String</ext-function>
    <ext-function>Osp::Base::Collection::ArrayList::ArrayList</ext-function>
    <ext-function>Osp::Base::String::String</ext-function>
    <ext-function>Osp::Ui::Controls::CustomList::AddItem</ext-function>
    <ext-function>Osp::Ui::Controls::Button::AddActionEventListener</ext-function>
    <ext-function>Osp::Io::Directory::Construct</ext-function>
    <ext-function>Osp::App::Application::GetAppVersion</ext-function>
    <ext-function>Osp::Base::BufferBase::Flip</ext-function>
    <ext-function>Osp::Base::ByteBuffer::GetByte</ext-function>
    <ext-function>Osp::Base::String::Append</ext-function>
    <ext-function>Osp::Base::String::String</ext-function>
    <ext-function>Osp::Graphics::Point::Point</ext-function>
    <ext-function>Osp::Base::ByteBuffer::GetArray</ext-function>
    <ext-function>Osp::Net::Http::HttpResponse::GetHttpStatusCode</ext-function>
    <ext-function>Osp::Base::String::String</ext-function>
    <ext-function>Osp::Base::Utility::StringUtil::StringToUtf8N</ext-function>
    <ext-function>Osp::Net::Http::HttpHeader::AddField</ext-function>
    <ext-function>Osp::Io::DbEnumerator::GetStringAt</ext-function>
    <ext-function>Osp::Net::Http::HttpTransaction::GetRequest</ext-function>
    <ext-function>Osp::Base::String::String</ext-function>
    <ext-function>Osp::Ui::Controls::Frame::SetCurrentForm</ext-function>
    <ext-function>Osp::System::SystemInfo::GetValue</ext-function>
    <ext-function>Osp::Graphics::Color::Color</ext-function>
    <ext-function>Osp::Graphics::EnrichedText::SetHorizontalAlignment</ext-function>
    <ext-function>Osp::Graphics::EnrichedText::Construct</ext-function>
    <ext-function>Osp::App::Application::Execute</ext-function>
    <ext-function>Osp::Ui::Controls::CustomListItemFormat::Construct</ext-function>
    <ext-function>Osp::Io::Directory::ReadN</ext-function>
    <ext-function>Osp::Base::String::String</ext-function>
    <ext-function>Osp::Base::String::String</ext-function>
    <ext-function>Osp::Base::String::String</ext-function>
    <ext-function>Osp::Ui::Controls::Button::SetNormalBackgroundBitmap</ext-function>
    <ext-function>Osp::Ui::Controls::Tab::AddItem</ext-function>
    <ext-function>Osp::Io::File::Read</ext-function>
    <ext-function>Osp::Ui::Control::Draw</ext-function>
    <ext-function>Osp::Base::String::Append</ext-function>
    <ext-function>Osp::Base::String::String</ext-function>
    <ext-function>Osp::Base::String::String</ext-function>
    <ext-function>Osp::Graphics::Color::Color</ext-function>
    <ext-function>Osp::Ui::Controls::CustomListItemFormat::CustomListItemFormat</ext-function>
    <ext-function>Osp::Base::String::Replace</ext-function>
    <ext-function>Osp::Io::FileAttributes::GetFileSize</ext-function>
    <ext-function>Osp::Ui::Controls::Button::AddActionEventListener</ext-function>
    <ext-function>Osp::Base::String::String</ext-function>
    <ext-function>Osp::Locales::Locale::GetLanguageCode</ext-function>
    <ext-function>Osp::Ui::Controls::Form::SetTitleText</ext-function>
    <ext-function>Osp::Base::String::String</ext-function>
    <ext-function>Osp::Ui::Controls::Label::Construct</ext-function>
    <ext-function>Osp::Base::Collection::ArrayList::Construct</ext-function>
    <ext-function>Osp::Base::BufferBase::Flip</ext-function>
    <ext-function>Osp::Graphics::TextElement::SetTextColor</ext-function>
    <ext-function>Osp::Base::String::String</ext-function>
    <ext-function>Osp::Base::String::String</ext-function>
    <ext-function>Osp::Ui::Controls::Tab::SetSelectedItem</ext-function>
    <ext-function>Osp::Base::String::String</ext-function>
    <ext-function>Osp::Base::String::Append</ext-function>
    <ext-function>Osp::Net::Http::HttpTransaction::GetRequest</ext-function>
    <ext-function>Osp::Ui::Controls::CustomListItemFormat::~CustomListItemFormat</ext-function>
    <ext-function>Osp::Ui::Controls::CustomListItem::CustomListItem</ext-function>
    <ext-function>Osp::Base::String::GetLength</ext-function>
    <ext-function>Osp::Io::Database::CommitTransaction</ext-function>
    <ext-function>Osp::Ui::Controls::Button::Button</ext-function>
    <ext-function>Osp::Base::ByteBuffer::SetArray</ext-function>
    <ext-function>Osp::Io::DbEnumerator::MoveNext</ext-function>
    <ext-function>Osp::App::AppManager::LaunchApplication</ext-function>
    <ext-function>Osp::Ui::Controls::Button::Construct</ext-function>
    <ext-function>Osp::Base::String::GetLength</ext-function>
    <ext-function>Osp::Base::String::Equals</ext-function>
    <ext-function>Osp::Base::String::String</ext-function>
    <ext-function>Osp::App::AppResource::GetBitmapN</ext-function>
    <ext-function>Osp::Net::Http::HttpTransaction::EnableTransactionReadyToWrite</ext-function>
    <ext-function>Osp::Base::String::SubString</ext-function>
    <ext-function>Osp::Base::Collection::ArrayList::~ArrayList</ext-function>
    <ext-function>Osp::Io::DbStatement::BindString</ext-function>
    <ext-function>Osp::Ui::Controls::Popup::~Popup</ext-function>
    <ext-function>Osp::Io::Database::BeginTransaction</ext-function>
    <ext-function>Osp::Io::DbEnumerator::MoveNext</ext-function>
    <ext-function>Osp::Base::ByteBuffer::Construct</ext-function>
    <ext-function>Osp::Ui::Controls::Form::GetTab</ext-function>
    <ext-function>Osp::App::AppResource::GetBitmapN</ext-function>
    <ext-function>Osp::Ui::Control::RequestRedraw</ext-function>
    <ext-function>Osp::Io::DirEnumerator::GetCurrentDirEntry</ext-function>
    <ext-function>Osp::Ui::Controls::Popup::SetTitleText</ext-function>
    <ext-function>Osp::Io::DbEnumerator::~DbEnumerator</ext-function>
    <ext-function>Osp::Io::Database::CreateStatementN</ext-function>
    <ext-function>Osp::Base::Integer::Parse</ext-function>
    <ext-function>Osp::Base::Collection::ArrayList::ArrayList</ext-function>
    <ext-function>Osp::Base::String::String</ext-function>
    <ext-function>Osp::Net::Http::HttpRequest::SetMethod</ext-function>
    <ext-function>Osp::Base::Float::Parse</ext-function>
    <ext-function>Osp::Io::File::Read</ext-function>
    <ext-function>Osp::Io::DbStatement::BindString</ext-function>
    <ext-function>Osp::Ui::Control::GetWidth</ext-function>
    <ext-function>Osp::Ui::Controls::CustomListItem::SetItemFormat</ext-function>
    <ext-function>Osp::Ui::Controls::Button::SetPressedBackgroundBitmap</ext-function>
    <ext-function>Osp::Io::DbStatement::BindString</ext-function>
    <ext-function>Osp::Ui::Control::SendUserEvent</ext-function>
    <ext-function>Osp::Base::String::String</ext-function>
    <ext-function>Osp::Base::String::IndexOf</ext-function>
    <ext-function>Osp::Io::Database::Construct</ext-function>
    <ext-function>Osp::Base::String::String</ext-function>
    <ext-function>Osp::Base::String::GetLength</ext-function>
    <ext-function>Osp::Ui::Controls::Footer::SetStyle</ext-function>
    <ext-function>Osp::Base::Collection::ArrayList::Construct</ext-function>
    <ext-function>Osp::System::SystemInfo::GetValue</ext-function>
    <ext-function>Osp::Graphics::EnrichedText::SetTextWrapStyle</ext-function>
    <ext-function>Osp::App::AppResource::GetString</ext-function>
    <ext-function>Osp::Ui::Controls::Footer::AddActionEventListener</ext-function>
    <ext-function>Osp::Graphics::Color::Color</ext-function>
    <ext-function>Osp::App::Application::GetAppResource</ext-function>
    <ext-function>Osp::Io::DbEnumerator::MoveNext</ext-function>
    <ext-function>Osp::App::AppControl::Start</ext-function>
    <ext-function>Osp::Ui::Controls::Button::SetActionId</ext-function>
    <ext-function>Osp::Io::DbEnumerator::MoveNext</ext-function>
    <ext-function>Osp::App::Application::GetInstance</ext-function>
    <ext-function>Osp::Base::BufferBase::SetPosition</ext-function>
    <ext-function>Osp::Base::String::String</ext-function>
    <ext-function>Osp::Ui::Controls::Button::Construct</ext-function>
    <ext-function>Osp::Base::ByteBuffer::Construct</ext-function>
    <ext-function>Osp::Base::String::Append</ext-function>
    <ext-function>Osp::Ui::Controls::Tab::AddItem</ext-function>
    <ext-function>Osp::Base::String::String</ext-function>
    <ext-function>Osp::Base::String::Append</ext-function>
    <ext-function>Osp::Ui::Controls::Form::GetClientAreaBounds</ext-function>
    <ext-function>Osp::Base::String::String</ext-function>
    <ext-function>Osp::Ui::Controls::Form::SetFormBackEventListener</ext-function>
    <ext-function>Osp::Ui::Controls::Button::AddActionEventListener</ext-function>
    <ext-function>Osp::Ui::Controls::Form::SetTitleText</ext-function>
    <ext-function>Osp::Base::String::String</ext-function>
    <ext-function>Osp::Graphics::Color::Color</ext-function>
    <ext-function>Osp::Base::String::String</ext-function>
    <ext-function>Osp::Ui::Controls::CustomListItemFormat::AddElement</ext-function>
    <ext-function>Osp::Base::String::String</ext-function>
    <ext-function>Osp::Ui::Controls::CustomList::Construct</ext-function>
    <ext-function>Osp::Net::Http::HttpHeader::AddField</ext-function>
    <ext-function>Osp::Io::Database::Construct</ext-function>
    <ext-function>Osp::Base::String::String</ext-function>
    <ext-function>Osp::Ui::Controls::CustomListItem::SetElement</ext-function>
    <ext-function>Osp::Base::String::GetLength</ext-function>
    <ext-function>Osp::Graphics::Font::Font</ext-function>
    <ext-function>Osp::Io::Database::CommitTransaction</ext-function>
    <ext-function>Osp::Io::Directory::~Directory</ext-function>
    <ext-function>Osp::Io::Database::BeginTransaction</ext-function>
    <ext-function>Osp::Io::Database::Construct</ext-function>
    <ext-function>Osp::App::AppManager::FindAppControlN</ext-function>
    <ext-function>Osp::Io::Database::ExecuteSql</ext-function>
    <ext-function>Osp::Base::Collection::ArrayList::ArrayList</ext-function>
    <ext-function>Osp::Base::String::String</ext-function>
    <ext-function>Osp::Io::File::Read</ext-function>
    <ext-function>Osp::Graphics::TextElement::SetFont</ext-function>
    <ext-function>Osp::Base::String::Equals</ext-function>
    <ext-function>Osp::Ui::Controls::CustomList::SetTextOfEmptyList</ext-function>
    <ext-function>Osp::Base::String::String</ext-function>
    <ext-function>Osp::Base::String::String</ext-function>
    <ext-function>Osp::Ui::Control::SetCompositeMode</ext-function>
    <ext-function>Osp::Base::Collection::ArrayList::~ArrayList</ext-function>
    <ext-function>Osp::Io::DbEnumerator::Reset</ext-function>
    <ext-function>Osp::App::AppManager::FindAppControlN</ext-function>
    <ext-function>Osp::Ui::Controls::Tab::AddItem</ext-function>
    <ext-function>Osp::Base::String::String</ext-function>
    <ext-function>Osp::Ui::Controls::Button::SetNormalBackgroundBitmap</ext-function>
    <ext-function>Osp::Ui::Controls::Button::SetPressedBackgroundBitmap</ext-function>
    <ext-function>Osp::Base::String::String</ext-function>
    <ext-function>Osp::Base::String::String</ext-function>
    <ext-function>Osp::Ui::Controls::Popup::Popup</ext-function>
    <ext-function>Osp::Io::DirEntry::IsNomalFile</ext-function>
    <ext-function>Osp::Io::Database::BeginTransaction</ext-function>
    <ext-function>Osp::Base::Collection::ArrayList::~ArrayList</ext-function>
    <ext-function>Osp::Graphics::Rectangle::Rectangle</ext-function>
    <ext-function>Osp::Base::String::String</ext-function>
    <ext-function>Osp::Base::String::String</ext-function>
    <ext-function>Osp::Ui::Controls::Footer::SetBackButton</ext-function>
    <ext-function>Osp::Net::Http::HttpTransaction::GetResponse</ext-function>
    <ext-function>strlen</ext-function>
    <ext-function>Osp::Net::Http::HttpSession::HttpSession</ext-function>
    <ext-function>Osp::Io::Database::ExecuteStatementN</ext-function>
    <ext-function>Osp::Base::String::GetLength</ext-function>
    <ext-function>Osp::Base::String::String</ext-function>
    <ext-function>Osp::Base::String::SubString</ext-function>
    <ext-function>Osp::Ui::Controls::Button::Button</ext-function>
    <ext-function>Osp::Base::String::String</ext-function>
    <ext-function>Osp::Ui::Controls::Button::SetActionId</ext-function>
    <ext-function>Osp::Graphics::Font::Font</ext-function>
    <ext-function>Osp::Base::String::String</ext-function>
    <ext-function>Osp::App::AppResource::GetBitmapN</ext-function>
    <ext-function>Osp::Base::String::String</ext-function>
    <ext-function>Osp::Base::String::String</ext-function>
    <ext-function>Osp::App::AppControl::Start</ext-function>
    <ext-function>Osp::Ui::Controls::Form::SetTitleText</ext-function>
    <ext-function>Osp::Ui::Controls::CustomListItemFormat::~CustomListItemFormat</ext-function>
    <ext-function>Osp::Base::String::Append</ext-function>
    <ext-function>Osp::Base::String::String</ext-function>
    <ext-function>Osp::Base::Collection::ArrayList::ArrayList</ext-function>
    <ext-function>Osp::Ui::Control::Draw</ext-function>
    <ext-function>Osp::Net::Http::HttpTransaction::~HttpTransaction</ext-function>
    <ext-function>Osp::Ui::Controls::Form::GetFooter</ext-function>
    <ext-function>Osp::Ui::Controls::Footer::SetStyle</ext-function>
    <ext-function>Osp::Ui::Control::Draw</ext-function>
    <ext-function>Osp::Base::Collection::ArrayList::ArrayList</ext-function>
    <ext-function>Osp::Ui::Controls::Footer::SetButton</ext-function>
    <ext-function>Osp::Graphics::TextElement::SetTextColor</ext-function>
    <ext-function>Osp::App::AppResource::GetBitmapN</ext-function>
    <ext-function>Osp::Ui::Controls::Button::Construct</ext-function>
    <ext-function>Osp::Graphics::TextElement::SetFont</ext-function>
    <ext-function>Osp::Base::String::String</ext-function>
    <ext-function>Osp::Ui::Controls::CustomList::Construct</ext-function>
    <ext-function>Osp::Ui::Controls::CustomListItem::SetItemFormat</ext-function>
    <ext-function>Osp::Ui::Controls::Button::SetPressedBackgroundBitmap</ext-function>
    <ext-function>Osp::Base::String::IndexOf</ext-function>
    <ext-function>Osp::Base::Collection::ArrayList::Construct</ext-function>
    <ext-function>Osp::Base::String::String</ext-function>
    <ext-function>Osp::Io::DbEnumerator::~DbEnumerator</ext-function>
    <ext-function>Osp::Base::String::Append</ext-function>
    <ext-function>Osp::Ui::Controls::Popup::~Popup</ext-function>
    <ext-function>Osp::Io::DbStatement::BindString</ext-function>
    <ext-function>Osp::Io::DirEnumerator::~DirEnumerator</ext-function>
    <ext-function>Osp::Graphics::TextElement::SetTextColor</ext-function>
    <ext-function>Osp::Io::Database::CreateStatementN</ext-function>
    <ext-function>Osp::Io::File::Read</ext-function>
    <ext-function>Osp::Ui::Control::SendUserEvent</ext-function>
    <ext-function>Osp::Locales::LocaleManager::GetSystemLocale</ext-function>
    <ext-function>Osp::Base::String::GetLength</ext-function>
    <ext-function>Osp::Base::String::String</ext-function>
    <ext-function>Osp::Ui::Controls::Form::GetClientAreaBounds</ext-function>
    <ext-function>Osp::Io::Database::Construct</ext-function>
    <ext-function>Osp::Base::String::Append</ext-function>
    <ext-function>Osp::App::Application::GetAppResource</ext-function>
    <ext-function>Osp::Ui::Controls::Label::Label</ext-function>
    <ext-function>Osp::Base::Collection::ArrayList::Construct</ext-function>
    <ext-function>Osp::Ui::Controls::Form::GetClientAreaBounds</ext-function>
    <ext-function>Osp::Ui::Controls::CustomListItemFormat::AddElement</ext-function>
    <ext-function>Osp::App::AppResource::GetBitmapN</ext-function>
    <ext-function>Osp::Ui::Controls::CustomListItem::SetElement</ext-function>
    <ext-function>Osp::Base::String::String</ext-function>
    <ext-function>Osp::Base::String::String</ext-function>
    <ext-function>Osp::Base::String::String</ext-function>
    <ext-function>Osp::Base::Collection::ArrayList::Construct</ext-function>
    <ext-function>Osp::Base::String::SubString</ext-function>
    <ext-function>strlen</ext-function>
    <ext-function>Osp::Ui::Controls::Label::Label</ext-function>
    <ext-function>Osp::Ui::Controls::Tab::AddItem</ext-function>
    <ext-function>Osp::Graphics::EnrichedText::Construct</ext-function>
    <ext-function>Osp::App::AppResource::GetBitmapN</ext-function>
    <ext-function>Osp::Base::String::Insert</ext-function>
    <ext-function>Osp::Ui::Control::SendUserEvent</ext-function>
    <ext-function>Osp::App::AppResource::GetBitmapN</ext-function>
    <ext-function>Osp::Ui::Controls::CustomListItemFormat::CustomListItemFormat</ext-function>
    <ext-function>strlen</ext-function>
    <ext-function>Osp::Io::DbEnumerator::~DbEnumerator</ext-function>
    <ext-function>Osp::Ui::Control::SendUserEvent</ext-function>
    <ext-function>Osp::Io::File::Construct</ext-function>
    <ext-function>Osp::Base::String::String</ext-function>
    <ext-function>Osp::Base::String::String</ext-function>
    <ext-function>Osp::Graphics::Point::Point</ext-function>
    <ext-function>Osp::Ui::Controls::Form::SetTitleText</ext-function>
    <ext-function>Osp::System::RuntimeInfo::GetValue</ext-function>
    <ext-function>Osp::Ui::Controls::Frame::SetCurrentForm</ext-function>
    <ext-function>Osp::Base::String::Append</ext-function>
    <ext-function>Osp::Ui::Controls::CustomListItem::CustomListItem</ext-function>
    <ext-function>Osp::Io::Database::ExecuteSql</ext-function>
    <ext-function>Osp::Io::Database::ExecuteStatementN</ext-function>
    <ext-function>Osp::Io::DirEntry::IsDirectory</ext-function>
    <ext-function>Osp::Ui::Controls::CustomList::SetBackgroundColor</ext-function>
    <ext-function>Osp::Base::String::Append</ext-function>
    <ext-function>Osp::Base::String::String</ext-function>
    <ext-function>Osp::Io::Database::CommitTransaction</ext-function>
    <ext-function>Osp::Base::String::String</ext-function>
    <ext-function>Osp::Net::Http::HttpTransaction::Submit</ext-function>
    <ext-function>Osp::Ui::Controls::CustomListItem::SetItemFormat</ext-function>
    <ext-function>Osp::Base::String::SubString</ext-function>
    <ext-function>Osp::Io::DbEnumerator::~DbEnumerator</ext-function>
    <ext-function>Osp::Base::String::String</ext-function>
    <ext-function>Osp::Base::String::String</ext-function>
    <ext-function>Osp::System::SystemInfo::GetValue</ext-function>
    <ext-function>Osp::Ui::Controls::Button::AddActionEventListener</ext-function>
    <ext-function>Osp::Base::String::Remove</ext-function>
    <ext-function>Osp::Base::Collection::ArrayList::Construct</ext-function>
    <ext-function>Osp::Io::File::Read</ext-function>
    <ext-function>Osp::App::AppResource::GetBitmapN</ext-function>
    <ext-function>Osp::Base::String::String</ext-function>
    <ext-function>Osp::Base::String::String</ext-function>
    <ext-function>Osp::Ui::Controls::Button::SetActionId</ext-function>
    <ext-function>Osp::Ui::Controls::Button::SetNormalBackgroundBitmap</ext-function>
    <ext-function>Osp::Base::String::String</ext-function>
    <ext-function>Osp::Io::File::Flush</ext-function>
    <ext-function>Osp::Graphics::EnrichedText::Add</ext-function>
    <ext-function>Osp::Ui::Controls::Tab::AddActionEventListener</ext-function>
    <ext-function>Osp::Base::String::String</ext-function>
    <ext-function>Osp::Base::String::String</ext-function>
    <ext-function>Osp::Base::Collection::ArrayList::Construct</ext-function>
    <ext-function>Osp::Locales::LocaleManager::Construct</ext-function>
    <ext-function>Osp::Base::ByteBuffer::SetArray</ext-function>
    <ext-function>Osp::Ui::Controls::Button::SetPressedBackgroundBitmap</ext-function>
    <ext-function>Osp::Io::File::Construct</ext-function>
    <ext-function>Osp::Ui::Controls::CustomList::AddCustomItemEventListener</ext-function>
    <ext-function>Osp::Ui::Controls::ButtonItem::SetBackgroundBitmap</ext-function>
    <ext-function>Osp::Ui::Controls::CustomListItem::CustomListItem</ext-function>
    <ext-function>Osp::Io::DbEnumerator::~DbEnumerator</ext-function>
    <ext-function>Osp::Base::String::Append</ext-function>
    <ext-function>Osp::Io::Directory::Directory</ext-function>
    <ext-function>Osp::Io::File::Read</ext-function>
    <ext-function>Osp::Base::Collection::ArrayList::ArrayList</ext-function>
    <ext-function>Osp::Ui::Controls::Button::Construct</ext-function>
    <ext-function>Osp::Io::File::Read</ext-function>
    <ext-function>Osp::Base::String::String</ext-function>
    <ext-function>Osp::App::AppResource::GetBitmapN</ext-function>
    <ext-function>Osp::Base::ByteBuffer::Construct</ext-function>
    <ext-function>Osp::Base::String::String</ext-function>
    <ext-function>Osp::Ui::Controls::CustomList::AddItem</ext-function>
    <ext-function>Osp::Ui::Controls::CustomListItemFormat::Construct</ext-function>
    <ext-function>Osp::Base::String::String</ext-function>
    <ext-function>Osp::Base::String::String</ext-function>
    <ext-function>Osp::Graphics::Dimension::Dimension</ext-function>
    <ext-function>Osp::Io::File::Read</ext-function>
    <ext-function>Osp::App::AppResource::GetBitmapN</ext-function>
    <ext-function>Osp::Io::Database::ExecuteStatementN</ext-function>
    <ext-function>Osp::Io::File::Seek</ext-function>
    <ext-function>Osp::Ui::Controls::CustomListItem::SetElement</ext-function>
    <ext-function>Osp::Ui::Controls::Label::SetTextConfig</ext-function>
    <ext-function>Osp::Base::String::GetLength</ext-function>
    <ext-function>Osp::Ui::Controls::CustomList::AddCustomItemEventListener</ext-function>
    <ext-function>Osp::Ui::Controls::Button::SetNormalBackgroundBitmap</ext-function>
    <ext-function>Osp::Graphics::Font::Construct</ext-function>
    <ext-function>Osp::Ui::Controls::Footer::SetBackButtonEnabled</ext-function>
    <ext-function>Osp::Io::Database::ExecuteStatementN</ext-function>
    <ext-function>Osp::Ui::Controls::Button::AddActionEventListener</ext-function>
    <ext-function>Osp::Base::String::Append</ext-function>
    <ext-function>Osp::Io::Database::BeginTransaction</ext-function>
    <ext-function>Osp::Graphics::Canvas::DrawText</ext-function>
    <ext-function>Osp::Ui::Controls::Frame::SetCurrentForm</ext-function>
    <ext-function>Osp::Base::String::Append</ext-function>
    <ext-function>Osp::Base::String::String</ext-function>
    <ext-function>Osp::Base::String::String</ext-function>
    <ext-function>Osp::Base::String::Equals</ext-function>
    <ext-function>Osp::Io::Directory::Construct</ext-function>
    <ext-function>Osp::Base::String::GetLength</ext-function>
    <ext-function>Osp::Ui::ClipboardItem::Construct</ext-function>
    <ext-function>Osp::Io::Database::Construct</ext-function>
    <ext-function>Osp::Graphics::Rectangle::Rectangle</ext-function>
    <ext-function>Osp::Base::String::Append</ext-function>
    <ext-function>Osp::Ui::Controls::Form::Construct</ext-function>
    <ext-function>Osp::Ui::Controls::Button::AddActionEventListener</ext-function>
    <ext-function>Osp::Io::Database::CreateStatementN</ext-function>
    <ext-function>Osp::Base::String::String</ext-function>
    <ext-function>Osp::Ui::Controls::CustomListItem::Construct</ext-function>
    <ext-function>Osp::Ui::Controls::CustomListItemFormat::AddElement</ext-function>
    <ext-function>Osp::Ui::Controls::Button::SetNormalBackgroundBitmap</ext-function>
    <ext-function>Osp::Base::String::String</ext-function>
    <ext-function>Osp::Ui::Controls::CustomList::CustomList</ext-function>
    <ext-function>Osp::Base::String::GetLength</ext-function>
    <ext-function>Osp::Base::String::SubString</ext-function>
    <ext-function>Osp::Graphics::Canvas::DrawText</ext-function>
    <ext-function>Osp::Ui::Controls::Footer::SetBackButton</ext-function>
    <ext-function>Osp::Base::String::String</ext-function>
    <ext-function>Osp::Ui::Controls::Frame::SetCurrentForm</ext-function>
    <ext-function>Osp::Ui::Controls::Button::SetActionId</ext-function>
    <ext-function>Osp::Ui::Controls::CustomList::CustomList</ext-function>
    <ext-function>Osp::Base::String::String</ext-function>
    <ext-function>Osp::Base::String::String</ext-function>
    <ext-function>Osp::Net::Wifi::WifiManager::GetMacAddress</ext-function>
    <ext-function>Osp::Ui::Controls::CustomListItem::SetElement</ext-function>
    <ext-function>Osp::Base::String::Append</ext-function>
    <ext-function>Osp::Base::String::String</ext-function>
    <ext-function>Osp::Io::Database::CommitTransaction</ext-function>
    <ext-function>Osp::Ui::Controls::CustomListItem::SetElement</ext-function>
    <ext-function>Osp::Base::String::String</ext-function>
    <ext-function>Osp::Io::DirEnumerator::GetCurrentDirEntry</ext-function>
    <ext-function>Osp::Base::String::String</ext-function>
    <ext-function>Osp::App::AppResource::GetBitmapN</ext-function>
    <ext-function>Osp::Base::String::String</ext-function>
    <ext-function>Osp::Base::String::String</ext-function>
    <ext-function>Osp::App::AppResource::GetBitmapN</ext-function>
    <ext-function>Osp::Io::Database::CreateStatementN</ext-function>
    <ext-function>Osp::Io::File::Construct</ext-function>
    <ext-function>Osp::Base::String::Append</ext-function>
    <ext-function>Osp::Ui::Controls::ButtonItem::Construct</ext-function>
    <ext-function>Osp::Ui::Controls::ButtonItem::SetBackgroundBitmap</ext-function>
    <ext-function>Osp::Io::DirEntry::GetName</ext-function>
    <ext-function>Osp::Ui::Controls::CustomListItem::Construct</ext-function>
    <ext-function>Osp::Base::String::String</ext-function>
    <ext-function>Osp::Base::String::String</ext-function>
    <ext-function>Osp::Ui::Controls::Button::SetPressedBackgroundBitmap</ext-function>
    <ext-function>Osp::Base::String::String</ext-function>
    <ext-function>Osp::Ui::Controls::Form::GetFooter</ext-function>
    <ext-function>Osp::Ui::Clipboard::GetInstance</ext-function>
    <ext-function>Osp::Base::String::String</ext-function>
    <ext-function>Osp::Base::String::String</ext-function>
    <ext-function>Osp::Ui::Controls::CustomListItem::Construct</ext-function>
    <ext-function>Osp::Ui::Controls::CustomList::SetBackgroundColor</ext-function>
    <ext-function>Osp::Graphics::TextElement::Construct</ext-function>
    <ext-function>Osp::App::AppControl::~AppControl</ext-function>
    <ext-function>Osp::Graphics::Font::Construct</ext-function>
    <ext-function>Osp::Base::String::GetLength</ext-function>
    <ext-function>Osp::App::Application::GetAppResource</ext-function>
    <ext-function>Osp::Base::String::String</ext-function>
    <ext-function>Osp::Net::Http::HttpRequest::SetUri</ext-function>
    <ext-function>Osp::Ui::Controls::Button::Button</ext-function>
    <ext-function>Osp::Base::String::String</ext-function>
    <ext-function>Osp::Base::String::GetLength</ext-function>
    <ext-function>Osp::Base::String::String</ext-function>
    <ext-function>Osp::Base::Collection::ArrayList::ArrayList</ext-function>
    <ext-function>Osp::Base::String::String</ext-function>
    <ext-function>Osp::Base::BufferBase::Flip</ext-function>
    <ext-function>Osp::App::AppResource::GetBitmapN</ext-function>
    <ext-function>Osp::Graphics::Color::Color</ext-function>
    <ext-function>Osp::Io::DbEnumerator::Reset</ext-function>
    <ext-function>Osp::Ui::Controls::Label::SetText</ext-function>
    <ext-function>Osp::Net::Http::HttpHeader::AddField</ext-function>
    <ext-function>Osp::Graphics::EnrichedText::Add</ext-function>
    <ext-function>Osp::Ui::Control::Draw</ext-function>
    <ext-function>Osp::Base::String::GetLength</ext-function>
    <ext-function>Osp::Io::File::Read</ext-function>
    <ext-function>Osp::Graphics::Rectangle::Rectangle</ext-function>
    <ext-function>Osp::Graphics::Color::Color</ext-function>
    <ext-function>Osp::Base::String::Append</ext-function>
    <ext-function>Osp::Base::String::String</ext-function>
    <ext-function>Osp::Ui::Control::SendUserEvent</ext-function>
    <ext-function>Osp::Base::String::String</ext-function>
    <ext-function>Osp::Net::Http::HttpSession::Construct</ext-function>
    <ext-function>Osp::Ui::Controls::Button::SetPressedBackgroundBitmap</ext-function>
    <ext-function>Osp::Base::String::String</ext-function>
    <ext-function>Osp::Base::Collection::ArrayList::Construct</ext-function>
    <ext-function>Osp::Ui::Controls::CustomListItem::SetElement</ext-function>
    <ext-function>Osp::Ui::Controls::CustomListItem::SetElement</ext-function>
    <ext-function>Osp::Graphics::Dimension::Dimension</ext-function>
    <ext-function>Osp::Base::Utility::StringUtil::Utf8ToString</ext-function>
    <ext-function>Osp::Ui::Control::SendUserEvent</ext-function>
    <ext-function>Osp::Base::ByteBuffer::GetPointer</ext-function>
    <ext-function>Osp::Base::String::IndexOf</ext-function>
    <ext-function>Osp::Ui::Controls::Frame::SetCurrentForm</ext-function>
    <ext-function>Osp::Net::Wifi::WifiManager::Construct</ext-function>
    <ext-function>Osp::Ui::Controls::CustomListItemFormat::AddElement</ext-function>
    <ext-function>Osp::Ui::Controls::Tab::SetSelectedItem</ext-function>
    <ext-function>Osp::Base::String::String</ext-function>
    <ext-function>Osp::Base::String::Append</ext-function>
    <ext-function>Osp::App::AppControl::~AppControl</ext-function>
    <ext-function>Osp::Ui::Controls::Footer::AddActionEventListener</ext-function>
    <ext-function>Osp::Ui::Controls::CustomListItemFormat::AddElement</ext-function>
    <ext-function>Osp::Ui::Controls::CustomListItemFormat::AddElement</ext-function>
    <ext-function>Osp::Ui::Controls::CustomListItem::SetElement</ext-function>
    <ext-function>Osp::App::AppResource::GetBitmapN</ext-function>
    <ext-function>Osp::Io::DbStatement::~DbStatement</ext-function>
    <ext-function>Osp::Net::Http::HttpTransaction::AddHttpTransactionListener</ext-function>
    <ext-function>Osp::Base::String::String</ext-function>
</external-calls>
